Periodo,Analfabetos,Sin estudios + primaria,Secundaria,Tercer grado + superiores
1970,18.50199893,79.41573392,1.376119667,0.706147484
1981,18.09520157,73.01929417,3.958599036,1.611187743
1991,10.847153,79.3981987,6.916576367,2.838071932
2001,8.076536251,72.18196552,15.84437458,3.897123645
2011,5.761384562,58.96263693,27.72767549,7.548303014